--- Reorder Path Algorithm p_items=0.1, policy=last, n_reorder=10 --- 
PREC@1 0.236577
RECALL@1 0.024582
NDCG@1 0.236577
MAP@1 0.236577
MAP 0.303703
PREC@3 0.195749
RECALL@3 0.061754
NDCG@3 0.3813
MAP@3 0.31222
PREC@5 0.166443
RECALL@5 0.08138
NDCG@5 0.392089
MAP@5 0.317067
PREC@10 0.131711
RECALL@10 0.129675
NDCG@10 0.395992
MAP@10 0.303703
GINI@1 0.9991154715825065
ENTROPY@1 0.9659844522804455
COVERAGE@1 0.0033006814310051107
GINI@3 0.99848645512684
ENTROPY@3 1.2494451582605073
COVERAGE@3 0.0050042589437819425
GINI@5 0.998020397042611
ENTROPY@5 1.375381900453828
COVERAGE@5 0.006494889267461669
GINI@10 0.9972025922894877
ENTROPY@10 1.5333319321689647
COVERAGE@10 0.009689097103918229
