{
  "losses": [
    5.545608153166505e-05,
    4.9872258770921005e-05,
    4.842372424673013e-05,
    4.773486860905541e-05,
    4.713301028495734e-05,
    4.6643316809243146e-05,
    4.6132012358132514e-05,
    4.564856039317964e-05,
    4.515130635720991e-05,
    4.46360175929712e-05,
    4.414917833159565e-05,
    4.369156569661699e-05,
    4.3195297202422946e-05,
    4.275045359295904e-05,
    4.234900718799327e-05,
    4.188135461566533e-05,
    4.1499190888833606e-05,
    4.1131352489592734e-05,
    4.076260784989159e-05,
    4.0396794074516385e-05,
    4.0140834299487784e-05,
    3.981341878249094e-05,
    3.95771777786121e-05,
    3.9331032862442246e-05,
    3.9001454880040625e-05,
    3.888773099568522e-05,
    3.868861979610405e-05,
    3.849803520349449e-05,
    3.816069871946976e-05,
    3.801416430117835e-05,
    3.795721769081e-05,
    3.7739215998649196e-05,
    3.7617246860022416e-05,
    3.769782926230992e-05,
    3.740718025344111e-05,
    3.722361189150043e-05,
    3.720836822275112e-05,
    3.705239351679564e-05,
    3.70628900146797e-05,
    3.688775780263407e-05,
    3.682081970357987e-05,
    3.6857592211599194e-05,
    3.676571086725178e-05,
    3.659019380896829e-05,
    3.657510086225864e-05,
    3.650470846799574e-05,
    3.646197867801002e-05,
    3.632304688801924e-05,
    3.6357821120319346e-05,
    3.634882757685416e-05
  ],
  "metrics": {
    "adjusted_arithmetic_mean_rank": {
      "both": {
        "realistic": 0.06419005792398526
      },
      "head": {
        "realistic": 0.1022161296329247
      },
      "tail": {
        "realistic": 0.026867906591372545
      }
    },
    "adjusted_arithmetic_mean_rank_index": {
      "both": {
        "realistic": 0.9358670630094424
      },
      "head": {
        "realistic": 0.8978391870384491
      },
      "tail": {
        "realistic": 0.9731909426335507
      }
    },
    "arithmetic_mean_rank": {
      "both": {
        "optimistic": 1051.6869188337273,
        "pessimistic": 1051.687706855792,
        "realistic": 1051.6873128447596
      },
      "head": {
        "optimistic": 1659.0587864460206,
        "pessimistic": 1659.0601260835303,
        "realistic": 1659.0594562647755
      },
      "tail": {
        "optimistic": 444.3150512214342,
        "pessimistic": 444.31528762805357,
        "realistic": 444.3151694247439
      }
    },
    "geometric_mean_rank": {
      "both": {
        "optimistic": 66.78477286551991,
        "pessimistic": 66.78479982309759,
        "realistic": 66.78478634721311
      },
      "head": {
        "optimistic": 490.3296756999281,
        "pessimistic": 490.330063158677,
        "realistic": 490.3298694718475
      },
      "tail": {
        "optimistic": 9.096340906416273,
        "pessimistic": 9.09634106193451,
        "realistic": 9.096340984176948
      }
    },
    "harmonic_mean_rank": {
      "both": {
        "optimistic": 4.813435052737186,
        "pessimistic": 4.813435060801764,
        "realistic": 4.813435056771745
      },
      "head": {
        "optimistic": 33.92338590203634,
        "pessimistic": 33.923386701584576,
        "realistic": 33.92338630203595
      },
      "tail": {
        "optimistic": 2.590502474152023,
        "pessimistic": 2.5905024741612115,
        "realistic": 2.5905024741566174
      }
    },
    "hits_at_k": {
      "both": {
        "optimistic": {
          "1": 0.1475177304964539,
          "3": 0.22608353033884948,
          "5": 0.26540583136327817,
          "10": 0.32340425531914896
        },
        "pessimistic": {
          "1": 0.1475177304964539,
          "3": 0.22608353033884948,
          "5": 0.26540583136327817,
          "10": 0.32340425531914896
        },
        "realistic": {
          "1": 0.1475177304964539,
          "3": 0.22608353033884948,
          "5": 0.26540583136327817,
          "10": 0.32340425531914896
        }
      },
      "head": {
        "optimistic": {
          "1": 0.013002364066193853,
          "3": 0.02695035460992908,
          "5": 0.036327817178881006,
          "10": 0.05476753349093775
        },
        "pessimistic": {
          "1": 0.013002364066193853,
          "3": 0.02695035460992908,
          "5": 0.036327817178881006,
          "10": 0.05476753349093775
        },
        "realistic": {
          "1": 0.013002364066193853,
          "3": 0.02695035460992908,
          "5": 0.036327817178881006,
          "10": 0.05476753349093775
        }
      },
      "tail": {
        "optimistic": {
          "1": 0.28203309692671397,
          "3": 0.4252167060677699,
          "5": 0.4944838455476753,
          "10": 0.5920409771473601
        },
        "pessimistic": {
          "1": 0.28203309692671397,
          "3": 0.4252167060677699,
          "5": 0.4944838455476753,
          "10": 0.5920409771473601
        },
        "realistic": {
          "1": 0.28203309692671397,
          "3": 0.4252167060677699,
          "5": 0.4944838455476753,
          "10": 0.5920409771473601
        }
      }
    },
    "inverse_arithmetic_mean_rank": {
      "both": {
        "optimistic": 0.0009508533215464487,
        "pessimistic": 0.0009508526090788666,
        "realistic": 0.0009508529653125242
      },
      "head": {
        "optimistic": 0.0006027513962553226,
        "pessimistic": 0.0006027509095530224,
        "realistic": 0.0006027511529040743
      },
      "tail": {
        "optimistic": 0.0022506552439557756,
        "pessimistic": 0.002250654046450733,
        "realistic": 0.002250654645203095
      }
    },
    "inverse_geometric_mean_rank": {
      "both": {
        "optimistic": 0.014973473100127688,
        "pessimistic": 0.014973467056109212,
        "realistic": 0.014973470077466668
      },
      "head": {
        "optimistic": 0.002039444173091371,
        "pessimistic": 0.0020394425615228645,
        "realistic": 0.002039443367129841
      },
      "tail": {
        "optimistic": 0.10993431427956173,
        "pessimistic": 0.1099343124000378,
        "realistic": 0.10993431333978095
      }
    },
    "inverse_harmonic_mean_rank": {
      "both": {
        "optimistic": 0.2077518423005094,
        "pessimistic": 0.20775184195243554,
        "realistic": 0.20775184212637451
      },
      "head": {
        "optimistic": 0.02947818955595386,
        "pessimistic": 0.029478188861175515,
        "realistic": 0.029478189208368737
      },
      "tail": {
        "optimistic": 0.3860254950450649,
        "pessimistic": 0.3860254950436956,
        "realistic": 0.3860254950443802
      }
    },
    "inverse_median_rank": {
      "both": {
        "optimistic": 0.014925373134328358,
        "pessimistic": 0.014925373134328358,
        "realistic": 0.014925373134328358
      },
      "head": {
        "optimistic": 0.0013698630136986301,
        "pessimistic": 0.0013698630136986301,
        "realistic": 0.0013698630136986301
      },
      "tail": {
        "optimistic": 0.16666666666666666,
        "pessimistic": 0.16666666666666666,
        "realistic": 0.16666666666666666
      }
    },
    "median_rank": {
      "both": {
        "optimistic": 67.0,
        "pessimistic": 67.0,
        "realistic": 67.0
      },
      "head": {
        "optimistic": 730.0,
        "pessimistic": 730.0,
        "realistic": 730.0
      },
      "tail": {
        "optimistic": 6.0,
        "pessimistic": 6.0,
        "realistic": 6.0
      }
    },
    "rank_mad": {
      "both": {
        "optimistic": 66.0,
        "pessimistic": 66.0,
        "realistic": 66.0
      },
      "head": {
        "optimistic": 672.0,
        "pessimistic": 672.0,
        "realistic": 672.0
      },
      "tail": {
        "optimistic": 5.0,
        "pessimistic": 5.0,
        "realistic": 5.0
      }
    },
    "rank_std": {
      "both": {
        "optimistic": 2497.0297128962175,
        "pessimistic": 2497.030880291672,
        "realistic": 2497.030296554596
      },
      "head": {
        "optimistic": 2390.1532779410672,