--- Reorder Path Algorithm p_items=0.1, policy=last, n_reorder=10 --- 
PREC@1 0.210526
RECALL@1 0.016654
NDCG@1 0.210526
MAP@1 0.210526
MAP 0.281512
PREC@3 0.181664
RECALL@3 0.047552
NDCG@3 0.334766
MAP@3 0.274759
PREC@5 0.162309
RECALL@5 0.075027
NDCG@5 0.365432
MAP@5 0.290249
PREC@10 0.127844
RECALL@10 0.120658
NDCG@10 0.37683
MAP@10 0.281512
GINI@1 0.9921667160611455
ENTROPY@1 1.9415576083454993
COVERAGE@1 0.017927649130295594
GINI@3 0.9882569842610597
ENTROPY@3 2.130460069593927
COVERAGE@3 0.03286735673887525
GINI@5 0.9857677327621296
ENTROPY@5 2.2175396344293823
COVERAGE@5 0.04343186426208516
GINI@10 0.9794311615029443
ENTROPY@10 2.3922401567336347
COVERAGE@10 0.06285348415323871
