--- Reorder Path Algorithm p_items=0.1, policy=last, n_reorder=10 --- 
PREC@1 0.186555
RECALL@1 0.017838
NDCG@1 0.186555
MAP@1 0.186555
MAP 0.249193
PREC@3 0.143417
RECALL@3 0.036613
NDCG@3 0.290484
MAP@3 0.239636
PREC@5 0.124034
RECALL@5 0.056341
NDCG@5 0.319319
MAP@5 0.25141
PREC@10 0.092773
RECALL@10 0.076229
NDCG@10 0.330775
MAP@10 0.249193
GINI@1 0.9992766641482267
ENTROPY@1 0.8786567883637393
COVERAGE@1 0.0025673940949935813
GINI@3 0.9987258248858717
ENTROPY@3 1.1629754860243873
COVERAGE@3 0.0043859649122807015
GINI@5 0.9983567672561485
ENTROPY@5 1.2820113701676188
COVERAGE@5 0.005776636713735558
GINI@10 0.9977476994206658
ENTROPY@10 1.42370557127302
COVERAGE@10 0.008985879332477536
