--- Reorder Path Algorithm p_items=0.1, policy=last, n_reorder=10 --- 
PREC@1 0.161398
RECALL@1 0.01308
NDCG@1 0.161398
MAP@1 0.161398
MAP 0.231024
PREC@3 0.146423
RECALL@3 0.037985
NDCG@3 0.28907
MAP@3 0.226705
PREC@5 0.120133
RECALL@5 0.050723
NDCG@5 0.30552
MAP@5 0.232709
PREC@10 0.092845
RECALL@10 0.080478
NDCG@10 0.319244
MAP@10 0.231024
GINI@1 0.9992728064029681
ENTROPY@1 0.8767025741709297
COVERAGE@1 0.0025673940949935813
GINI@3 0.9987854445853201
ENTROPY@3 1.1451820602499523
COVERAGE@3 0.004492939666238768
GINI@5 0.9983994830172829
ENTROPY@5 1.2728548773159591
COVERAGE@5 0.0054557124518613605
GINI@10 0.997766847865312
ENTROPY@10 1.4200233919049667
COVERAGE@10 0.008771929824561403
