{
  "losses": [
    5.4359445159875656e-05,
    4.8567877434954824e-05,
    4.764472931556631e-05,
    4.708935388198498e-05,
    4.650617460964081e-05,
    4.587854428450917e-05,
    4.522895501955193e-05,
    4.460224540115317e-05,
    4.398487985139694e-05,
    4.333818021935135e-05,
    4.27259283569476e-05,
    4.2050385645069114e-05,
    4.138466224269151e-05,
    4.072442863855401e-05,
    4.003159364996661e-05,
    3.9364118230268896e-05,
    3.86549199381396e-05,
    3.807070794294712e-05,
    3.751896474888456e-05,
    3.700638288871738e-05,
    3.6529068788906295e-05,
    3.607077537830177e-05,
    3.578312400978656e-05,
    3.5537462883406926e-05,
    3.531433949951904e-05,
    3.511344932308474e-05,
    3.493321705653384e-05,
    3.4851461093420846e-05,
    3.466891522598466e-05,
    3.465796636560957e-05,
    3.45732384770353e-05,
    3.466139887384071e-05,
    3.443287110494009e-05,
    3.440299690017247e-05,
    3.442266203306956e-05,
    3.441625748467544e-05,
    3.4403316478934194e-05,
    3.4375191109502825e-05,
    3.432394201814575e-05,
    3.4410229968737905e-05,
    3.4329018447216136e-05,
    3.439869069511417e-05,
    3.439938076240173e-05,
    3.439414888679484e-05,
    3.430210523762713e-05,
    3.444426801395598e-05,
    3.430554081511803e-05,
    3.445427267747746e-05,
    3.43533056835902e-05,
    3.4565024418073864e-05
  ],
  "metrics": {
    "adjusted_arithmetic_mean_rank": {
      "both": {
        "realistic": 0.04951373829986615
      },
      "head": {
        "realistic": 0.04457049426643045
      },
      "tail": {
        "realistic": 0.054432857934911365
      }
    },
    "adjusted_arithmetic_mean_rank_index": {
      "both": {
        "realistic": 0.9505132084320759
      },
      "head": {
        "realistic": 0.9554566590305589
      },
      "tail": {
        "realistic": 0.9455938839223755
      }
    },
    "arithmetic_mean_rank": {
      "both": {
        "optimistic": 1746.5363525174969,
        "pessimistic": 1746.5374906570632,
        "realistic": 1746.53692158728
      },
      "head": {
        "optimistic": 1568.3237752259292,
        "pessimistic": 1568.3248284297072,
        "realistic": 1568.324301827818
      },
      "tail": {
        "optimistic": 1924.7489298090643,
        "pessimistic": 1924.7501528844193,
        "realistic": 1924.7495413467418
      }
    },
    "geometric_mean_rank": {
      "both": {
        "optimistic": 167.9319689157617,
        "pessimistic": 167.93212819931756,
        "realistic": 167.93204881651556
      },
      "head": {
        "optimistic": 368.8582335343748,
        "pessimistic": 368.85879326241854,
        "realistic": 368.85851451027514
      },
      "tail": {
        "optimistic": 76.45524383095062,
        "pessimistic": 76.45527284878578,
        "realistic": 76.45525834520767
      }
    },
    "harmonic_mean_rank": {
      "both": {
        "optimistic": 7.748232177248543,
        "pessimistic": 7.748232918024506,
        "realistic": 7.7482325521505615
      },
      "head": {
        "optimistic": 13.840929907335582,
        "pessimistic": 13.84093452789461,
        "realistic": 13.840932246347084
      },
      "tail": {
        "optimistic": 5.379991059415892,
        "pessimistic": 5.379991075591128,
        "realistic": 5.3799910675150295
      }
    },
    "hits_at_k": {
      "both": {
        "optimistic": {
          "1": 0.08585309506013454,
          "3": 0.1386661683767072,
          "5": 0.167612285112455,
          "10": 0.21320581640279948
        },
        "pessimistic": {
          "1": 0.08585309506013454,
          "3": 0.1386661683767072,
          "5": 0.167612285112455,
          "10": 0.21320581640279948
        },
        "realistic": {
          "1": 0.08585309506013454,
          "3": 0.1386661683767072,
          "5": 0.167612285112455,
          "10": 0.21320581640279948
        }
      },
      "head": {
        "optimistic": {
          "1": 0.046816606645376097,
          "3": 0.07790310525242916,
          "5": 0.09376911055242237,
          "10": 0.11605626146633145
        },
        "pessimistic": {
          "1": 0.046816606645376097,
          "3": 0.07790310525242916,
          "5": 0.09376911055242237,
          "10": 0.11605626146633145
        },
        "realistic": {
          "1": 0.046816606645376097,
          "3": 0.07790310525242916,
          "5": 0.09376911055242237,
          "10": 0.11605626146633145
        }
      },
      "tail": {
        "optimistic": {
          "1": 0.12488958347489298,
          "3": 0.19942923150098527,
          "5": 0.2414554596724876,
          "10": 0.3103553713392675
        },
        "pessimistic": {
          "1": 0.12488958347489298,
          "3": 0.19942923150098527,
          "5": 0.2414554596724876,
          "10": 0.3103553713392675
        },
        "realistic": {
          "1": 0.12488958347489298,
          "3": 0.19942923150098527,
          "5": 0.2414554596724876,
          "10": 0.3103553713392675
        }
      }
    },
    "inverse_arithmetic_mean_rank": {
      "both": {
        "optimistic": 0.0005725618012809052,
        "pessimistic": 0.0005725614281682502,
        "realistic": 0.0005725616147245169
      },
      "head": {
        "optimistic": 0.0006376234396216702,
        "pessimistic": 0.0006376230114275847,
        "realistic": 0.0006376232255245556
      },
      "tail": {
        "optimistic": 0.0005195482821228015,
        "pessimistic": 0.0005195479519777701,
        "realistic": 0.0005195481170502333
      }
    },
    "inverse_geometric_mean_rank": {
      "both": {
        "optimistic": 0.0059547923272526004,
        "pessimistic": 0.0059547866791344805,
        "realistic": 0.00595478949400904
      },
      "head": {
        "optimistic": 0.0027110686683555012,
        "pessimistic": 0.0027110645544203317,
        "realistic": 0.0027110666032141803
      },
      "tail": {
        "optimistic": 0.013079547587489086,
        "pessimistic": 0.01307954262327744,
        "realistic": 0.013079545104469346
      }
    },
    "inverse_harmonic_mean_rank": {
      "both": {
        "optimistic": 0.1290616978330027,
        "pessimistic": 0.12906168549395655,
        "realistic": 0.12906169158828937
      },
      "head": {
        "optimistic": 0.07224948082931971,
        "pessimistic": 0.07224945671006748,
        "realistic": 0.07224946861971102
      },
      "tail": {
        "optimistic": 0.1858739148366857,
        "pessimistic": 0.18587391427784564,
        "realistic": 0.1858739145568677
      }
    },
    "inverse_median_rank": {
      "both": {
        "optimistic": 0.003389830508474576,
        "pessimistic": 0.003389830508474576,
        "realistic": 0.003389830508474576
      },
      "head": {
        "optimistic": 0.0014064697609001407,
        "pessimistic": 0.0014064697609001407,
        "realistic": 0.0014064697609001407
      },
      "tail": {
        "optimistic": 0.017543859649122806,
        "pessimistic": 0.017543859649122806,
        "realistic": 0.017543859649122806
      }
    },
    "median_rank": {
      "both": {
        "optimistic": 295.0,
        "pessimistic": 295.0,
        "realistic": 295.0
      },
      "head": {
        "optimistic": 711.0,
        "pessimistic": 711.0,
        "realistic": 711.0
      },
      "tail": {
        "optimistic": 57.0,
        "pessimistic": 57.0,
        "realistic": 57.0
      }
    },
    "rank_mad": {
      "both": {
        "optimistic": 294.0,
        "pessimistic": 294.0,
        "realistic": 294.0
      },
      "head": {
        "optimistic": 694.0,
        "pessimistic": 694.0,
        "realistic": 694.0
      },
      "tail": {
        "optimistic": 56.0,
        "pessimistic": 56.0,
        "realistic": 56.0
      }
    },
    "rank_std": {
      "both": {
        "optimistic": 4239.365931549587,
        "pessimistic": 4239.368311379028,
        "realistic": 4239.367121430953
      },
      "head": {
        "optimistic": 2165.8859912779753,