--- Reorder Path Algorithm p_items=0.1, policy=last, n_reorder=10 --- 
PREC@1 0.273333
RECALL@1 0.035383
NDCG@1 0.273333
MAP@1 0.273333
MAP 0.342397
PREC@3 0.225
RECALL@3 0.073634
NDCG@3 0.398658
MAP@3 0.338611
PREC@5 0.201
RECALL@5 0.107048
NDCG@5 0.42187
MAP@5 0.347164
PREC@10 0.163833
RECALL@10 0.173637
NDCG@10 0.442934
MAP@10 0.342397
GINI@1 0.9950381758716262
ENTROPY@1 1.7510871642090784
COVERAGE@1 0.012526766595289078
GINI@3 0.9928040320289889
ENTROPY@3 1.9191293176759354
COVERAGE@3 0.022376873661670234
GINI@5 0.9911410427599161
ENTROPY@5 2.0184700349923337
COVERAGE@5 0.028265524625267664
GINI@10 0.9883136661586868
ENTROPY@10 2.1522824924146615
COVERAGE@10 0.03800856531049251
