--- Reorder Path Algorithm p_items=0.1, policy=last, n_reorder=10 --- 
PREC@1 0.225539
RECALL@1 0.02532
NDCG@1 0.225539
MAP@1 0.225539
MAP 0.28888
PREC@3 0.18021
RECALL@3 0.057407
NDCG@3 0.33881
MAP@3 0.284688
PREC@5 0.161194
RECALL@5 0.079864
NDCG@5 0.362171
MAP@5 0.293482
PREC@10 0.131343
RECALL@10 0.129049
NDCG@10 0.379594
MAP@10 0.28888
