--- Reorder Path Algorithm p_items=0.1, policy=last, n_reorder=10 --- 
PREC@1 0.170813
RECALL@1 0.01459
NDCG@1 0.170813
MAP@1 0.170813
MAP 0.226972
PREC@3 0.135434
RECALL@3 0.033028
NDCG@3 0.262417
MAP@3 0.217662
PREC@5 0.12272
RECALL@5 0.050187
NDCG@5 0.286303
MAP@5 0.226992
PREC@10 0.09801
RECALL@10 0.077989
NDCG@10 0.306142
MAP@10 0.226972
