--- Reorder Path Algorithm p_items=0.1, policy=last, n_reorder=20 --- 
PREC@1 0.170813
RECALL@1 0.01459
NDCG@1 0.170813
MAP@1 0.170813
MAP 0.226923
PREC@3 0.138198
RECALL@3 0.033455
NDCG@3 0.266474
MAP@3 0.219596
PREC@5 0.124378
RECALL@5 0.051383
NDCG@5 0.288954
MAP@5 0.228098
PREC@10 0.09801
RECALL@10 0.07899
NDCG@10 0.309628
MAP@10 0.226923
