--- Reorder Path Algorithm p_items=0.1, policy=last, n_reorder=10 --- 
PREC@1 0.290216
RECALL@1 0.033955
NDCG@1 0.290216
MAP@1 0.290216
MAP 0.35422
PREC@3 0.237148
RECALL@3 0.075112
NDCG@3 0.421245
MAP@3 0.359867
PREC@5 0.20398
RECALL@5 0.10806
NDCG@5 0.452846
MAP@5 0.372372
PREC@10 0.166833
RECALL@10 0.168945
NDCG@10 0.454691
MAP@10 0.35422
