--- Reorder Path Algorithm p_items=0.1, policy=last, n_reorder=10 --- 
PREC@1 0.295191
RECALL@1 0.036925
NDCG@1 0.295191
MAP@1 0.295191
MAP 0.356812
PREC@3 0.239359
RECALL@3 0.07553
NDCG@3 0.425963
MAP@3 0.363737
PREC@5 0.202653
RECALL@5 0.103798
NDCG@5 0.448027
MAP@5 0.370596
PREC@10 0.166833
RECALL@10 0.168945
NDCG@10 0.457858
MAP@10 0.356812
