--- Reorder Path Algorithm p_items=0.1, policy=last, n_reorder=10 --- 
PREC@1 0.278607
RECALL@1 0.031662
NDCG@1 0.278607
MAP@1 0.278607
MAP 0.347062
PREC@3 0.232725
RECALL@3 0.079754
NDCG@3 0.433693
MAP@3 0.361249
PREC@5 0.20398
RECALL@5 0.108947
NDCG@5 0.4522
MAP@5 0.36622
PREC@10 0.166833
RECALL@10 0.168945
NDCG@10 0.453851
MAP@10 0.347062
