--- Reorder Path Algorithm p_items=0.1, policy=last, n_reorder=10 --- 
PREC@1 0.20398
RECALL@1 0.018915
NDCG@1 0.20398
MAP@1 0.20398
MAP 0.281778
PREC@3 0.181316
RECALL@3 0.050746
NDCG@3 0.340518
MAP@3 0.275567
PREC@5 0.162852
RECALL@5 0.077461
NDCG@5 0.365888
MAP@5 0.287608
PREC@10 0.128524
RECALL@10 0.12623
NDCG@10 0.381049
MAP@10 0.281778
GINI@1 0.9990945240883241
ENTROPY@1 0.9615596772340049
COVERAGE@1 0.003625119948821836
GINI@3 0.9984845596490771
ENTROPY@3 1.2462354890827612
COVERAGE@3 0.005757543448128798
GINI@5 0.9979952444079001
ENTROPY@5 1.3790920814016048
COVERAGE@5 0.007036997547712975
GINI@10 0.9971543774881733
ENTROPY@10 1.5394200823601256
COVERAGE@10 0.010022390446742723
