--- Reorder Path Algorithm p_items=0.1, policy=last, n_reorder=10 --- 
PREC@1 0.20398
RECALL@1 0.017074
NDCG@1 0.20398
MAP@1 0.20398
MAP 0.290291
PREC@3 0.189608
RECALL@3 0.056751
NDCG@3 0.356539
MAP@3 0.283997
PREC@5 0.165174
RECALL@5 0.084305
NDCG@5 0.385442
MAP@5 0.29786
PREC@10 0.135655
RECALL@10 0.138065
NDCG@10 0.398721
MAP@10 0.290291
