--- Reorder Path Algorithm p_items=0.1, policy=last, n_reorder=10 --- 
PREC@1 0.183333
RECALL@1 0.016006
NDCG@1 0.183333
MAP@1 0.183333
MAP 0.235809
PREC@3 0.146111
RECALL@3 0.037094
NDCG@3 0.29232
MAP@3 0.239583
PREC@5 0.123
RECALL@5 0.053545
NDCG@5 0.305254
MAP@5 0.24475
PREC@10 0.094333
RECALL@10 0.079434
NDCG@10 0.313683
MAP@10 0.235809
GINI@1 0.9992999752916771
ENTROPY@1 0.8616398725994906
COVERAGE@1 0.0023526895519195806
GINI@3 0.9987844887897273
ENTROPY@3 1.1471723747325542
COVERAGE@3 0.004170676932948348
GINI@5 0.9983960800529595
ENTROPY@5 1.273357026223319
COVERAGE@5 0.005988664313977115
GINI@10 0.9977540767323725
ENTROPY@10 1.4224472176363494
COVERAGE@10 0.009410758207678322
