--- Reorder Path Algorithm p_items=0.1, policy=last, n_reorder=10 --- 
PREC@1 0.275
RECALL@1 0.026636
NDCG@1 0.275
MAP@1 0.275
MAP 0.348592
PREC@3 0.241111
RECALL@3 0.076207
NDCG@3 0.422071
MAP@3 0.351111
PREC@5 0.214667
RECALL@5 0.119044
NDCG@5 0.448385
MAP@5 0.363787
PREC@10 0.1695
RECALL@10 0.177113
NDCG@10 0.451661
MAP@10 0.348592
GINI@1 0.9947545553203906
ENTROPY@1 1.778000640056611
COVERAGE@1 0.012939792535557694
GINI@3 0.992725564922101
ENTROPY@3 1.9249660200381251
COVERAGE@3 0.021922789006523367
GINI@5 0.9909670442495229
ENTROPY@5 2.0253351783052413
COVERAGE@5 0.028766976793925782
GINI@10 0.9881033069605561
ENTROPY@10 2.1602021389554347
COVERAGE@10 0.03871243717249492
