--- Reorder Path Algorithm p_items=0.1, policy=last, n_reorder=10 --- 
PREC@1 0.173536
RECALL@1 0.038803
NDCG@1 0.173536
MAP@1 0.173536
MAP 0.22798
PREC@3 0.12039
RECALL@3 0.078348
NDCG@3 0.26742
MAP@3 0.221303
PREC@5 0.095228
RECALL@5 0.105095
NDCG@5 0.290999
MAP@5 0.230577
PREC@10 0.061551
RECALL@10 0.135123
NDCG@10 0.298841
MAP@10 0.22798
GINI@1 0.9983390090772485
ENTROPY@1 1.2912741526710088
COVERAGE@1 0.009758742206560044
GINI@3 0.9976223274501616
ENTROPY@3 1.4774430933832492
COVERAGE@3 0.017800668654558597
GINI@5 0.9973099351369066
ENTROPY@5 1.5435041487144514
COVERAGE@5 0.022318604861299357
GINI@10 0.997277832921734
ENTROPY@10 1.5642259941262464
COVERAGE@10 0.025752236378422336
