--- Reorder Path Algorithm p_items=0.1, policy=last, n_reorder=10 --- 
PREC@1 0.283557
RECALL@1 0.030757
NDCG@1 0.283557
MAP@1 0.283557
MAP 0.354464
PREC@3 0.232103
RECALL@3 0.075442
NDCG@3 0.429338
MAP@3 0.360179
PREC@5 0.218456
RECALL@5 0.115437
NDCG@5 0.454623
MAP@5 0.369827
PREC@10 0.174161
RECALL@10 0.179521
NDCG@10 0.456464
MAP@10 0.354464
GINI@1 0.9950241295996011
ENTROPY@1 1.748682482121091
COVERAGE@1 0.012919068972880633
GINI@3 0.9927421670109015
ENTROPY@3 1.9221817005755846
COVERAGE@3 0.022635062993807388
GINI@5 0.9908357399978219
ENTROPY@5 2.029292771574385
COVERAGE@5 0.029575058723040785
GINI@10 0.9878984978155727
ENTROPY@10 2.168752023135429
COVERAGE@10 0.03929105274396754
